name,valid_alphas,seq,head,resolution,deposition_date,release_date,structure_method,seqres,seqlen,other
1k0n.A.pdb,226,PQVELFVKAGSDGAKIGNCPFSQRLFMVLWLKGVTFNVTTVDTKRRTETVQKLCPGGELPFLLYGTEVHTDTNKIEEFLEAVLCPPRYPKLAALNPESNTAGLDIFAKFSAYIKNSNPALNDNLEKGLLKALKVLDNYLTSPLPEGVSQRKFLDGNELTLADCNLLPKLHIVQVVCKKYRGFTIPEAFRGVHRYLSNAYAREEFASTCPDDEEIELAYEQVAKALK,metal transport,1.8,2001-09-19,2001-12-12,x-ray diffraction,MAEEQPQVELFVKAGSDGAKIGNCPFSQRLFMVLWLKGVTFNVTTVDTKRRTETVQKLCPGGELPFLLYGTEVHTDTNKIEEFLEAVLCPPRYPKLAALNPESNTAGLDIFAKFSAYIKNSNPALNDNLEKGLLKALKVLDNYLTSPLPEGVDETSAEDEGVSQRKFLDGNELTLADCNLLPKLHIVQVVCKKYRGFTIPEAFRGVHRYLSNAYAREEFASTCPDDEEIELAYEQVAKALK,241,1rk4.B.pdb
1mnm.C.pdb,77,GLVFNVVTQDMINKSTKPYRGHRFTKENVRILESWFAKNIENPYLDTKGLENLMKNTSLSRIQIKNWVSNRRRKEKT,transcription/dna,2.25,1997-11-03,1998-03-18,x-ray diffraction,QLTQKNKSADGLVFNVVTQDMINKSTKPYRGHRFTKENVRILESWFAKNIENPYLDTKGLENLMKNTSLSRIQIKNWVSNRRRKEKT,87,1mnm.D.pdb
1nqj.B.pdb,114,EKLKEKENNDSSDKATVIPNFNTTMQGSLLGDDSRDYYSFEVKEEGEVNIELDKKDEFGVTWTLHPESNINDRITYGQVDGNKVSNKVKLRPGKYYLLVYKYSGSGNYELRVNK,hydrolase,1.0,2003-01-21,2003-04-15,x-ray diffraction,GGPGNEKLKEKENNDSSDKATVIPNFNTTMQGSLLGDDSRDYYSFEVKEEGEVNIELDKKDEFGVTWTLHPESNINDRITYGQVDGNKVSNKVKLRPGKYYLLVYKYSGSGNYELRVNK,119,1nqd.A.pdb
1noc.A.pdb,372,PKSLTRGPRDKPTPLEELLPHAIEFINQYYGSFKEAKIEEHLARLEAVTKEIETTGTYQLTLDELIFATKMAWRNAPRCIGRIQWSNLQVFDARNCSTAQEMFQHICRHILYATNNGNIRSAITVFPQRSDGKHDFRLWNSQLIRYAGYQMPDGTIRGDAATLEFTQLCIDLGWKPRYGRFDVLPLVLQADGQDPEVFEIPPDLVLEVTMEHPKYEWFQELGLKWYALPAVANMLLEVGGLEFPACPFNGWYMGTEIGVRDFCDTQRYNILEEVGRRMGLETHTLASLWKDRAVTEINVAVLHSFQKQNVTIMDHHTASESFMKHMQNEYRARLVPPVSGSITPVFHQEMLNYVLSPFYYYQIEPWKTHIWQ,complex (oxidoreductase/transferase),2.6,1997-09-28,1998-10-14,x-ray diffraction,NPKSLTRGPRDKPTPLEELLPHAIEFINQYYGSFKEAKIEEHLARLEAVTKEIETTGTYQLTLDELIFATKMAWRNAPRCIGRIQWSNLQVFDARNCSTAQEMFQHICRHILYATNNGNIRSAITVFPQRSDGKHDFRLWNSQLIRYAGYQMPDGTIRGDAATLEFTQLCIDLGWKPRYGRFDVLPLVLQADGQDPEVFEIPPDLVLEVTMEHPKYEWFQELGLKWYALPAVANMLLEVGGLEFPACPFNGWYMGTEIGVRDFCDTQRYNILEEVGRRMGLETHTLASLWKDRAVTEINVAVLHSFQKQNVTIMDHHTASESFMKHMQNEYRARGGCPADWIWLVPPVSGSITPVFHQEMLNYVLSPFYYYQIEPWKTHIWQNEHHHH,388,1qom.B.pdb
1qs8.B.pdb,328,GSENDVIELDDVANIMFYGEGEVGDNHQKFMLIFDTGSANLWVPSKKCNSSGCSIKNLYDSSKSKSYEKDGTKVDITYGSGTVKGFFSKDLVTLGHLSMPYKFIEVIDTDDLEPIYSSVEFDGILGLGWKDLSIGSIDPIVVELKNQNKIDNALFTFYLPVHDVHAGYLTIGGIEEKFYEGNITYEKLNHDLYWQIDLDVHFGKQTMEKANVIVDSGTTTITAPSEFLNKFFANLNVIKVPFLPFYVTTCDNKEMPTLEFKSANNTYTLEPEYYMNPILEVDDTLCMITMLPVDIDSNTFILGDPFMRKYFTVFDYDKESVGFAIAKN,hydrolase/hydrolase inhibitor,2.5,1999-06-25,1999-07-07,x-ray diffraction,LGSENDVIELDDVANIMFYGEGEVGDNHQKFMLIFDTGSANLWVPSKKCNSSGCSIKNLYDSSKSKSYEKDGTKVDITYGSGTVKGFFSKDLVTLGHLSMPYKFIEVIDTDDLEPIYSSVEFDGILGLGWKDLSIGSIDPIVVELKNQNKIDNALFTFYLPVHDVHAGYLTIGGIEEKFYEGNITYEKLNHDLYWQIDLDVHFGKQTMEKANVIVDSGTTTITAPSEFLNKFFANLNVIKVPFLPFYVTTCDNKEMPTLEFKSANNTYTLEPEYYMNPILEVDDTLCMITMLPVDIDSNTFILGDPFMRKYFTVFDYDKESVGFAIAKN,329,1miq.B.pdb
1rep.C.pdb,214,SPRIVQSNDLTEAAYSLSRDQKRMLYLFVDQIRKSHDGICEIHVAKYAEIFGLTSAEASKDIRQALKSFAGKEVVFYESFPWFIKPAHSPSRGLYSVHINPYLIPFFIGLQNRFTQFRLSETKEITNPYAMRLYESLCQYRKPDGSGIVSLKIDWIIERYQLPQSYQRMPDFRRRFLQVCVNEINSRTPMRLSYIEKKKGRQTTHIVFSFRDIT,replication/dna,2.6,1999-04-29,2000-02-09,x-ray diffraction,MAETAVINHKKRKNSPRIVQSNDLTEAAYSLSRDQKRMLYLFVDQIRKSDGTLQEHDGICEIHVAKYAEIFGLTSAEASKDIRQALKSFAGKEVVFYRPEEDAGDEKGYESFPWFIKPAHSPSRGLYSVHINPYLIPFFIGLQNRFTQFRLSETKEITNPYAMRLYESLCQYRKPDGSGIVSLKIDWIIERYQLPQSYQRMPDFRRRFLQVCVNEINSRTPMRLSYIEKKKGRQTTHIVFSFRDITSMTTG,251,2z9o.B.pdb
1uxm.K.pdb,153,ATKVVCVLKGDGPVQGIINFEQKESNGPVKVWGSIKGLTEGLHGFHVHEFGDNTAGCTSAGPHFNPLSRKHGGPKDEERHVGDLGNVTADKDGVADVSIEDSVISLSGDHCIIGRTLVVHEKADDLGKGGNEESTKTGNAGSRLACGVIGIAQ,oxidoreductase,1.9,2004-02-26,2004-03-19,x-ray diffraction,ATKVVCVLKGDGPVQGIINFEQKESNGPVKVWGSIKGLTEGLHGFHVHEFGDNTAGCTSAGPHFNPLSRKHGGPKDEERHVGDLGNVTADKDGVADVSIEDSVISLSGDHCIIGRTLVVHEKADDLGKGGNEESTKTGNAGSRLACGVIGIAQ,153,2nam.A.pdb
1x0g.A.pdb,102,MVELTPAAIQELERLQILRIQVQPSECGDWRYDLALVAEPKPTDLLTQSQGWTIAIAAEAAELLRGLRVDYIEDLMGGAFRFHNPNASQTCGCGMAFRVSRS,metal binding protein,2.5,2005-03-22,2006-06-06,x-ray diffraction,MVELTPAAIQELERLQTHGVRRGQAAILRIQVQPSECGDWRYDLALVAEPKPTDLLTQSQGWTIAIAAEAAELLRGLRVDYIEDLMGGAFRFHNPNASQTCGCGMAFRVSRS,112,1x0g.D.pdb
1xju.B.pdb,155,RTNQAGLELIGNAEGCRRDPYMCPAGVWTDGIGGVTPGVRKTDQQIAADWEKNILIAERCINQHFRGKDMPDNAFSAMTSAAFNMGCNSLRTYYSKARGMRVETSIHKWAQKGEWVNMCNHLPDFVNSNGVPLRGLKIRREKERQLCLTGLVNEH,hydrolase,1.07,2004-09-24,2005-01-11,x-ray diffraction,RTNQAGLELIGNAEGCRRDPYMCPAGVWTDGIGNTHGVTPGVRKTDQQIAADWEKNILIAERCINQHFRGKDMPDNAFSAMTSAAFNMGCNSLRTYYSKARGMRVETSIHKWAQKGEWVNMCNHLPDFVNSNGVPLRGLKIRREKERQLCLTGLVNEHHHHHH,163,1xjt.A.pdb
1xnt.A.pdb,151,MPEIRLRHVVSCSSQDSTHCAENLLKADTYRKWRAAKAGEKTISVVLQLEKEEQIHSVDIGNDGSAFVEVLVGSSAGGAGEQDYEVLLVTSSFMSPSESRSGSNPNRVRMFGPDKLVRAAAEKRWDRVKIVCSQPYSKDSPFGLSFVRFHS,dna binding protein,,1999-02-27,1999-09-01,solution nmr,MPEIRLRHVVSCSSQDSTHCAENLLKADTYRKWRAAKAGEKTISVVLQLEKEEQIHSVDIGNDGSAFVEVLVGSSAGGAGEQDYEVLLVTSSFMSPSESRSGSNPNRVRMFGPDKLVRAAAEKRWDRVKIVCSQPYSKDSPFGLSFVRFHSPPDKDEAEAPSQKVTVTKLGQFRVKEEEESAN,183,3lqc.A.pdb
2hdm.A.pdb,74,GSEVSDKRTCVSLTTQRLPCSRIKTYTITEGSLRAVIFITKRGLKVCADPQATWVRDCVRSMDRKSNTRNNMIQ,cytokine,,2006-06-20,2007-05-01,solution nmr,GSEVSDKRTCVSLTTQRLPCSRIKTYTITEGSLRAVIFITKRGLKVCADPQATWVRDCVRSMDRKSNTRNNMIQTKPTGTQQSTNTAVTLTG,92,2n54.B.pdb
2oug.C.pdb,141,QSWYLLYCKRGQLQRAQEHLERQAVNCLAPMITLEKIVRGKRTAVSEPLFPNYLFVEFDPEVIHTTTINATRGVSHFVRFGASPAIVPSAVIHQLSVYKKVIITEGAFEGFQAIFTEPDGEARSMLLLNLINKEIKHSVKN,transcription,2.1,2007-02-10,2007-05-01,x-ray diffraction,MQSWYLLYCKRGQLQRAQEHLERQAVNCLAPMITLEKIVRGKRTAVSEPLFPNYLFVEFDPEVIHTTTINATRGVSHFVRFGASPAIVPSAVIHQLSVYKPKDIVDPATPYPGDKVIITEGAFEGFQAIFTEPDGEARSMLLLNLINKEIKHSVKNTEFRKL,162,6c6s.D.pdb
3hdf.A.pdb,133,DGLEGVSYIPYKDIVGVWTVCHGHTGKDIMLGKTYTKAECKALLNKDLATVARQINPYIKVDIPETMRGALYSFVYNVGAGNFRTSTLLRKINQGDIKGACDQLRRWTYAGGKQWKGLMTRREIEREICLWGQ,hydrolase,1.7,2009-05-07,2009-11-03,x-ray diffraction,MGPSGNDGLEGVSYIPYKDIVGVWTVCHGHTGKDIMLGKTYTKAECKALLNKDLATVARQINPYIKVDIPETMRGALYSFVYNVGAGNFRTSTLLRKINQGDIKGACDQLRRWTYAGGKQWKGLMTRREIEREICLWGQQ,140,3hde.A.pdb
3ifa.A.pdb,326,TDMLTLTRYVMEKGRQAKGTGELTQLLNSMLTAIKAISSAVRKAGLAHLYGIAGSVNVDQVKKLDVLSNSLVINMLQSSYSTCVLVSEENKDAIITAKEKRGKYVVCFDPLDGSSNIDCLASIGTIFAIYRKTSDEPSEKDALQCGRNIVAAGYALYGSATLVALSTGQGVDLFMLDPALGEFVLVEKDVKIKKKGKIYSLNEGYAKYFDAATTEYVQKKKFPEDGSAPYGARYVGSMVADVHRTLVYGGIFLYPANQKSPKGKLRLLYECNPVAYIIEQAGGLATTGTQPVLDVKPEAIHQRVPLILGSPEDVQEYLTCVQKNQA,hydrolase,1.93,2009-07-24,2010-08-11,x-ray diffraction,TDRSPFETDMLTLTRYVMEKGRQAKGTGELTQLLNSMLTAIKAISSAVRKAGLAHLYGIAGSVNVTGDQVKKLDVLSNSLVINMLQSSYSTCVLVSEENKDAIITAKEKRGKYVVCFDPLDGSSNIDCLASIGTIFAIYRKTSEDEPSEKDALQCGRNIVAAGYALYGSATLVALSTGQGVDLFMLDPALGEFVLVEKDVKIKKKGKIYSLNEGYAKYFDAATTEYVQKKKFPEDGSAPYGARYVGSMVADVHRTLVYGGIFLYPANQKSPKGKLRLLYECNPVAYIIEQAGGLATTGTQPVLDVKPEAIHQRVPLILGSPEDVQEYLTCVQKNQAGS,338,5et5.A.pdb
3j7w.B.pdb,343,ASMTGGQQMGTNQGKGVVAAGDKLALFLKVFGGEVLTAFARTSVTTSRHMVRSISSGKSAQFPVLGRTQAAYLAPGENLDDKRKDIKHTEKVITIDGLLTADVLIYDIEDAMNHYDVRSEYTSQLGESLAMAADGAVLAEIAGLCNVESKYNENIEGLGTATVIETTQNKAALTDQVALGKEIIAALTKARAALTKNYVPAADRVFYCDPDSYSAILAALMPNAANYAALIDPEKGSIRNVMGFEVVEVPHLTAGGAGTAREGTTGQKHVFPANKGEGNVKVAKDNVIGLFMHRSAVGTVKLRDLALERARRANFQADQIIAKYAMGHGGLRPEAAGAVVFKV,virus,3.5,2014-08-12,2014-10-15,electron microscopy,MASMTGGQQMGTNQGKGVVAAGDKLALFLKVFGGEVLTAFARTSVTTSRHMVRSISSGKSAQFPVLGRTQAAYLAPGENLDDKRKDIKHTEKVITIDGLLTADVLIYDIEDAMNHYDVRSEYTSQLGESLAMAADGAVLAEIAGLCNVESKYNENIEGLGTATVIETTQNKAALTDQVALGKEIIAALTKARAALTKNYVPAADRVFYCDPDSYSAILAALMPNAANYAALIDPEKGSIRNVMGFEVVEVPHLTAGGAGTAREGTTGQKHVFPANKGEGNVKVAKDNVIGLFMHRSAVGTVKLRDLALERARRANFQADQIIAKYAMGHGGLRPEAAGAVVFKVE,345,3j7v.G.pdb
3jv6.A.pdb,101,TSELRICRINKESGPCTGGEELYLLCDKVQKEDISVVFSTASWEGRADFSQADVHRQIAIVFKTPPYEDLEISEPVTVNVFLQRLTDGVCSEPLPFTYLPR,transcription,2.78,2009-09-15,2010-11-24,x-ray diffraction,TSELRICRINKESGPCTGGEELYLLCDKVQKEDISVVFSTASWEGRADFSQADVHRQIAIVFKTPPYEDLEISEPVTVNVFLQRLTDGVCSEPLPFTYLPR,101,1zk9.A.pdb
3kuy.A.pdb,96,PHRYRPGTVALREIRRYQKSTELLIRKLPFQRLVREIAQDFKTDLRFQSSAVMALQEASEAYLVALFEDTNLCAIHAKRVTIMPKDIQLARRIRGE,structural protein/dna,2.9,2009-11-28,2010-01-05,x-ray diffraction,ARTKQTARKSTGGKAPRKQLATKAARKSAPATGGVKKPHRYRPGTVALREIRRYQKSTELLIRKLPFQRLVREIAQDFKTDLRFQSSAVMALQEASEAYLVALFEDTNLCAIHAKRVTIMPKDIQLARRIRGERA,135,5c3i.F.pdb
3m1b.F.pdb,99,IQRTPKIQVYSRHPAENGKSNFLNCYVSGFHPSDIEVDLLKNGERIEKVEHSDLSFSKDWSFYLLYYTEFTPTEKDEYACRVNHVTLSQPKIVKWDRDM,immune system/inhibitor,3.1,2010-03-04,2010-06-16,x-ray diffraction,IQRTPKIQVYSRHPAENGKSNFLNCYVSGFHPSDIEVDLLKNGERIEKVEHSDLSFSKDWSFYLLYYTEFTPTEKDEYACRVNHVTLSQPKIVKWDRDM,99,3low.A.pdb
3o44.A.pdb,581,TNTLPHVAFYISVNRAISDEECTFNNSWLWKNEKGSRPFCKDANISLIYRVNLERSLQYGIVGSATPDAKIVRISLDDDSTGAGIHLNDQLGYRQFGASYTTLDAYFREWSTDAIAQDYRFVFNASNNKAQILKTFPVDNINEKFERKEVSGFELGVTGGVEVSGDGPKAKLEARASYTQSRWLTYNTQDYRIERNAKNAQAVSFTWNRQQYATAESLLNRSTDALWVNTYPVDVNRISPLSYASFVPKMDVIYKASATETGSTDFIIDSSVNIRPIYNGAYKHYYVVGAHQSYHGFEDTPRRRITKSASFTVDWDHPVFTGGRPVNLQLASFNNRCIQVDAQGRLTANMCDSQQSAQSFIYDQLGRYVSASNTKLCLDGAALDALQPCNQNLTQRWEWRKGTDELTNVYSGESLGHDKQTGELGLYASSNDAVSLRTITAYTDVFNAQESSPILGYTQGKMNQQRVGQDNRLYVRAGAAIDALGSASDLLVGGNGGSLSSVDLSGVKSITATSGDFQYGGQQLVALTFTYQDGRQQTVGSKAYVTNAHEDRFDLPDAAKITQLKIWADDWLVKGVQFDLN,toxin,2.88,2010-07-26,2011-04-20,x-ray diffraction,SGFASPAPANSETNTLPHVAFYISVNRAISDEECTFNNSWLWKNEKGSRPFCKDANISLIYRVNLERSLQYGIVGSATPDAKIVRISLDDDSTGAGIHLNDQLGYRQFGASYTTLDAYFREWSTDAIAQDYRFVFNASNNKAQILKTFPVDNINEKFERKEVSGFELGVTGGVEVSGDGPKAKLEARASYTQSRWLTYNTQDYRIERNAKNAQAVSFTWNRQQYATAESLLNRSTDALWVNTYPVDVNRISPLSYASFVPKMDVIYKASATETGSTDFIIDSSVNIRPIYNGAYKHYYVVGAHQSYHGFEDTPRRRITKSASFTVDWDHPVFTGGRPVNLQLASFNNRCIQVDAQGRLTANMCDSQQSAQSFIYDQLGRYVSASNTKLCLDGAALDALQPCNQNLTQRWEWRKGTDELTNVYSGESLGHDKQTGELGLYASSNDAVSLRTITAYTDVFNAQESSPILGYTQGKMNQQRVGQDNRLYVRAGAAIDALGSASDLLVGGNGGSLSSVDLSGVKSITATSGDFQYGGQQLVALTFTYQDGRQQTVGSKAYVTNAHEDRFDLPDAAKITQLKIWADDWLVKGVQFDLN,593,1xez.A.pdb
3qy2.A.pdb,105,MYHHYHAFQGRKLTDQERARVLEFQDSIHYSPRYSDDNYEYRHVMLPKAMLKVIPSDYFNSEVGTLRILTEDEWRGLGITQSLGWEHYECHAAEPHILLFKRPLN,transferase regulator,2.59,2011-03-02,2011-06-29,x-ray diffraction,MYHHYHAFQGRKLTDQERARVLEFQDSIHYSPRYSDDNYEYRHVMLPKAMLKVIPSDYFNSEVGTLRILTEDEWRGLGITQSLGWEHYECHAAEPHILLFKRPLNYEAELRAATAAA,117,1qb3.A.pdb
3tp2.A.pdb,225,SWRDKSAKVQVKESELPSSIPAQTGLTFNIWYNKWSQGFAGNTRFVSPFALQPQLHSGKTRGDNDGQLFFCLFFAKGMCCLGPKCEYLHHIPDEEDIGKLALRTEVLDCFGREKFADYREDMGGIGSFRKKNKTLYVGGIDGALNSKHLKPAQIESRIRFVFSRLGDIDRIRYVESKNCGFVKFKYQANAEFAKEAMSNQTLLLPSDKEWDDRREGTGLLVKWAN,splicing,2.4,2011-09-07,2012-03-14,x-ray diffraction,GAMTSWRDKSAKVQVKESELPSSIPAQTGLTFNIWYNKWSQGFAGNTRFVSPFALQPQLHSGKTRGDNDGQLFFCLFFAKGMCCLGPKCEYLHHIPDEEDIGKLALRTEVLDCFGREKFADYREDMGGIGSFRKKNKTLYVGGIDGALNSKHLKPAQIESRIRFVFSRLGDIDRIRYVESKNCGFVKFKYQANAEFAKEAMSNQTLLLPSDKEWDDRREGTGLLVKWAN,229,5lj3.M.pdb
3uyi.A.pdb,312,HMPRVKLGTQGLEVSKLGFGCMGLSGLPEEQGIAVIKEAFNCGITFFDTSDIYGENGSNEELLGKALKQLPREKIQVGTKFGIHEIGFSGVKAKGTPDYVRSCCEASLKRLDVDYIDLFYIHRIDTTVPIEITMGELKLVEEGKIKYVGLSEASPDTIRRAHAVHPVTALQIEYSLWTRDIEDEIVPLCRQLGIGIVPYSPIGRGLFAGKAIKESKNKQIYYRIEALSQKHGCTPVQLALAWVLHQGEDVVPIPGTTKIKNLHNNVGALKVKLTKEDLKEISDAVPLDEVAGESIHEVIAVTNWKFANTPPL,oxidoreductase,2.31,2011-12-06,2012-02-22,x-ray diffraction,HMPRVKLGTQGLEVSKLGFGCMGLSGDYNDALPEEQGIAVIKEAFNCGITFFDTSDIYGENGSNEELLGKALKQLPREKIQVGTKFGIHEIGFSGVKAKGTPDYVRSCCEASLKRLDVDYIDLFYIHRIDTTVPIEITMGELKKLVEEGKIKYVGLSEASPDTIRRAHAVHPVTALQIEYSLWTRDIEDEIVPLCRQLGIGIVPYSPIGRGLFAGKAIKESLPENSVLTSHPRFVGENLEKNKQIYYRIEALSQKHGCTPVQLALAWVLHQGEDVVPIPGTTKIKNLHNNVGALKVKLTKEDLKEISDAVPLDEVAGESIHEVIAVTNWKFANTPPL,337,3v0t.A.pdb
3zwg.N.pdb,178,ADVAGAVIDGAGLGFDVLKTVLEALGNVKRKIAVGIDNESGKTWTAMNTYFRSGTSDIVLPHKVAHGKALLYNGQKNRGPVATGVVGVIAYSMSDGNTLAVLFSVPYDYNWYSNWWNVRVYKGQKRADQRMYEELYYHRSPFRGDNGWHSRGLGYGLKSRGFMNSSGHAILEIHVTKA,toxin,3.0,2011-07-29,2012-07-04,x-ray diffraction,SADVAGAVIDGAGLGFDVLKTVLEALGNVKRKIAVGIDNESGKTWTAMNTYFRSGTSDIVLPHKVAHGKALLYNGQKNRGPVATGVVGVIAYSMSDGNTLAVLFSVPYDYNWYSNWWNVRVYKGQKRADQRMYEELYYHRSPFRGDNGWHSRGLGYGLKSRGFMNSSGHAILEIHVTKA,179,4tsy.D.pdb
4aan.A.pdb,323,DVMKRAQGLFKPIPAKPPVMKDNPASPSRVELGRMLFFDPRLSASHLISCNTCHNVGLGGTDILETSIGHGWQKGPRNSPTVLNAVYNIAQFWDGRAEDLAAQAKGPVQASVEMNNKPENLVATLKSIPGYPPLFRKAFPGQGDPVTFDNVAKAIEVFEATLVTPDAPFDKYLKGNRKAISSTAEQGLALFLDKGCAACHSGVNMGGTGYFPFGVREDPGPVVRPVDDTGRYKVTSTAADKYVFRSPSLRNVAITMPYFHSGKVWKLKDAVKIMGSAQLGISITDADADKIVTFLNTLTGAQPKVMHPVLPPNSDDTPRPVSN,oxidoreductase,1.22,2011-12-05,2012-10-17,x-ray diffraction,WSHPQFEKGAETAVPNSEDVMKRAQGLFKPIPAKPPVMKDNPASPSRVELGRMLFFDPRLSASHLISCNTCHNVGLGGTDILETSIGHGWQKGPRNSPTVLNAVYNIAQFWDGRAEDLAAQAKGPVQASVEMNNKPENLVATLKSIPGYPPLFRKAFPGQGDPVTFDNVAKAIEVFEATLVTPDAPFDKYLKGNRKAISSTAEQGLALFLDKGCAACHSGVNMGGTGYFPFGVREDPGPVVRPVDDTGRYKVTSTAADKYVFRSPSLRNVAITMPYFHSGKVWKLKDAVKIMGSAQLGISITDADADKIVTFLNTLTGAQPKVMHPVLPPNSDDTPRPVSN,341,4aal.A.pdb
4gqc.C.pdb,161,GLVELGEKAPDFTLPNQDFEPVNLYEVLKRGRPAVLIFFPAAFSPVCTKELCTFRDKMAQLEKANAEVLAISVDSPWCLKKFKDENRLAFNLLSDYNREVIKLYNVYHEDLKGLKMVAKRAVFIVKPDGTVAYKWVTDNPLNEPDYDEVVREANKIAGELV,oxidoreductase,2.0,2012-08-22,2012-10-24,x-ray diffraction,MKGLVELGEKAPDFTLPNQDFEPVNLYEVLKRGRPAVLIFFPAAFSPVCTKELCTFRDKMAQLEKANAEVLAISVDSPWCLKKFKDENRLAFNLLSDYNREVIKLYNVYHEDLKGLKMVAKRAVFIVKPDGTVAYKWVTDNPLNEPDYDEVVREANKIAGELVA,164,4gqc.B.pdb
4j3o.F.pdb,154,ADSTITIRGYVRDNGCSVAAESTNFTVDLMENAAKQFNNIGATTPVVPFRILLSPCGNAVSAVKVGFTGVADSHNANLLALENTVSAASGLGIQLLNEQQNQIPLNAPSSALSWTTLTPGKPNTLNFYARLMATQVPVTAGHINATATFTLEYQ,cell adhesion/chaperone/membrane protein06-feb-13   4j3o,3.8,2013-02-06,2013-04-10,x-ray diffraction,ADSTITIRGYVRDNGCSVAAESTNFTVDLMENAAKQFNNIGATTPVVPFRILLSPCGNAVSAVKVGFTGVADSHNANLLALENTVSAASGLGIQLLNEQQNQIPLNAPSSALSWTTLTPGKPNTLNFYARLMATQVPVTAGHINATATFTLEYQ,154,2jmr.A.pdb
5hk5.H.pdb,119,WHHQIKEVLASSQEALVVTERKYLKSDWCKTQPLRQTVSEEGCRSRTILNRFCYGQCNSFYIPRHVKKEEDSFQSCAFCKPQRVTSVIVELECPGLDPPFRIKKIQKVKHCRCMSVNLS,cytokine,2.9,2016-01-13,2016-08-24,x-ray diffraction,RKNRPAGAIPSPYKDGSSNNSERWHHQIKEVLASSQEALVVTERKYLKSDWCKTQPLRQTVSEEGCRSRTILNRFCYGQCNSFYIPRHVKKEEDSFQSCAFCKPQRVTSVIVELECPGLDPPFRIKKIQKVKHCRCMSVNLSDSDKQ,147,4jph.B.pdb
4nc9.C.pdb,346,SGAMRIGMVCPYSFDVPGGVQSHVLQLAEVLRDAGHEVSVLAPASPHVKLPDYVVSGGKAVPIRLRFGPATHRKVKKWIAEGDFDVLHIHEPNAPSLSMLALQAAEGPIVATFHTSTTKSLTLSVFQGILRPYHEAVSDLARRWQMEALGSDAVEIPNGVDVASFADAPLLDGYPRTVLFLYDEPRKGMAVLLAALPKLVARFILIVEDELREQAGHLRFLGQVDDATKASAMRSADVYCAPHLGGESFGIVLVEAMAAGTAVVASDLDAFRRVLADGDAGRLVPVDDADGMAAALIGILEDDQLRAGYVARASERVHRYDWSVVSAQIMRVYETVSGAGIKVQVS,transferase,3.19,2013-10-24,2014-11-12,x-ray diffraction,GSGAMRIGMVCPYSFDVPGGVQSHVLQLAEVLRDAGHEVSVLAPASPHVKLPDYVVSGGKAVPIPYNGSVARLRFGPATHRKVKKWIAEGDFDVLHIHEPNAPSLSMLALQAAEGPIVATFHTSTTKSLTLSVFQGILRPYHEKIIGRIAVSDLARRWQMEALGSDAVEIPNGVDVASFADAPLLDGYPREGRTVLFLGRYDEPRKGMAVLLAALPKLVARFPDVEILIVGRGDEDELREQAGDLAGHLRFLGQVDDATKASAMRSADVYCAPHLGGESFGIVLVEAMAAGTAVVASDLDAFRRVLADGDAGRLVPVDDADGMAAALIGILEDDQLRAGYVARASERVHRYDWSVVSAQIMRVYETVSGAGIKVQVSGAANRDETAGESV,390,4n9w.A.pdb
4o0p.A.pdb,485,DPLPFFPPLYLGGPEITTENCEREPIHIPGSIQPHGALLTADGHSGEVLQMSLNAATFLGQEPTVLRGQTLAALLPEQWPALQAALPPGCPDALQYRATLDWPHLSLTVHRVGELLILEFEPTEAHALRNAMFALESAPNLRALAEVATQTVRELTGFDRVMLYKFAPDATGEVIAEARREGLHAFLGHRFPASDIPAQARALYTRHLLRLTADTRAAAVPLDPVLNPQTNAPTPLGGAVLRATSPMHMQYLRNMGVGSSLSVSVVVGGQLWGLIACHHQTPYVLPPDLRTTLEYLGRLLSLQVQVKEAADVAAFRQSLREHHARVALAAAHSLSPHDTLSDPALDLLGLMRAGGLILRFEGRWQTLGEVPPAPAVDALLAWLETQPGLVQTDALGQLWPAGADLAPSAAGLLAISVWSECLVWLRPELRLEVAWGGATPDLGPRHSFDTYLEEKRGYAEPWHPGEIEEAQDLRDTLTGALEHHH,transferase,3.8,2013-12-14,2014-05-07,x-ray diffraction,MASMTGGQQMGRGSMSRDPLPFFPPLYLGGPEITTENCEREPIHIPGSIQPHGALLTADGHSGEVLQMSLNAATFLGQEPTVLRGQTLAALLPEQWPALQAALPPGCPDALQYRATLDWPAAGHLSLTVHRVGELLILEFEPTEAWDSTGPHALRNAMFALESAPNLRALAEVATQTVRELTGFDRVMLYKFAPDATGEVIAEARREGLHAFLGHRFPASDIPAQARALYTRHLLRLTADTRAAAVPLDPVLNPQTNAPTPLGGAVLRATSPMHMQYLRNMGVGSSLSVSVVVGGQLWGLIACHHQTPYVLPPDLRTTLEYLGRLLSLQVQVKEAADVAAFRQSLREHHARVALAAAHSLSPHDTLSDPALDLLGLMRAGGLILRFEGRWQTLGEVPPAPAVDALLAWLETQPGALVQTDALGQLWPAGADLAPSAAGLLAISVGEGWSECLVWLRPELRLEVAWGGATPDQAKDDLGPRHSFDTYLEEKRGYAEPWHPGEIEEAQDLRDTLTGALEHHHHHH,523,4o01.D.pdb
4phq.A.pdb,291,CDKTVEVVKNAIETADGALDLYNKYLDQVIPWQTFDETIKELSRFKQEYSQAASVLVGDIKTLLMDSQDKYFEATQTVYEWAGVATQLLAAYILLFDEYNEKKASAQKDILIKVLDDGITKLNEAQKSLLVSSQSFNNASGKLLALDSQLTNDFSEKSSYFQSQVDKIRKEAYAGAAAGVVAGPFGLIISYSIAAGVVEGKLIPELKNKLKSVQNFFTTLSNTVKQANKDIDAAKLKLTTEIAAIGEIKTETETTRFYCDYDDLMLSLLKEAAKKMINTANEYQKRHGKKT,toxin,1.94,2014-05-06,2014-09-24,x-ray diffraction,CDKTVEVVKNAIETADGALDLYNKYLDQVIPWQTFDETIKELSRFKQEYSQAASVLVGDIKTLLMDSQDKYFEATQTVYEWAGVATQLLAAYILLFDEYNEKKASAQKDILIKVLDDGITKLNEAQKSLLVSSQSFNNASGKLLALDSQLTNDFSEKSSYFQSQVDKIRKEAYAGAAAGVVAGPFGLIISYSIAAGVVEGKLIPELKNKLKSVQNFFTTLSNTVKQANKDIDAAKLKLTTEIAAIGEIKTETETTRFYCDYDDLMLSLLKEAAKKMINTANEYQKRHGKKTLFEVPEV,298,2wcd.X.pdb
4pyi.A.pdb,207,TKEQRILNHVLQHAEPGNAQSVLEAIDTYCEQKGDKKGKIVDAVIQEHQPSVLLELGAYCGYSAVRMARLLSPGARLITIEINPDCAAITQRMVDFAGVKDKVTLVVGASQDIIPQLKKKYDVDTLDMVFLDHWKDRYLPDTLLLEECGLLRKGTVLLADNVICPGAPDFLAHVRGSSCFECTHYQSFLEYREVVDGLEKAIYKGPG,transferase,1.35,2014-03-27,2014-06-11,x-ray diffraction,MGDTKEQRILNHVLQHAEPGNAQSVLEAIDTYCEQKEWAMNVGDKKGKIVDAVIQEHQPSVLLELGAYCGYSAVRMARLLSPGARLITIEINPDCAAITQRMVDFAGVKDKVTLVVGASQDIIPQLKKKYDVDTLDMVFLDHWKDRYLPDTLLLEECGLLRKGTVLLADNVICPGAPDFLAHVRGSSCFECTHYQSFLEYREVVDGLEKAIYKGPGSEAGP,221,4pyj.A.pdb
4qhf.A.pdb,109,MKDRKILNEILSNTINELNLNDKKANIKIKIKPLKRKIASISLTNKTIYINKNILPYLSDEEIRFILAHELLHLKYGKYHINEFEEELLFLFPNKEAILINLINKLHQK,hydrolase,2.1,2014-05-28,2014-07-16,x-ray diffraction,MKDRKILNEILSNTINELNLNDKKANIKIKIKPLKRKIASISLTNKTIYINKNILPYLSDEEIRFILAHELLHLKYGKYHINEFEEELLFLFPNKEAILINLINKLHQKK,110,4qhh.A.pdb
4rwn.A.pdb,349,MELRHTPARDLDKFIEDHLLPNTCFRTQVKEAIDIVCRFLKERCFQGTADPVRVSKVVKGGSSGKGTTLRGRSDADLVVFLTKLTSFEDQLRRRGEFIQEIRRQLEACQREQKFKVTFEVQSPRRENPRALSFVLSSPQLQQEVEFDVLPAFDALGQWTPGYKPNPEIYVQLIKECKSRGKEGEFSTCFTELQRDFLRNRPTKLKSLIRLVKHWYQTCKKTHGNKLPPQYALELLTVYAWEQGSRKTDFSTAQGFQTVLELVLKHQKLCIFWEAYYDFTNPVVGRCMLQQLKKPRPVILDPADPTGNVGGGDTHSWQRLAQEARVWLGYPCCKNLDGSLVGAWTMLQKI,transferase/rna,2.0,2014-12-05,2015-05-20,x-ray diffraction,MELRHTPARDLDKFIEDHLLPNTCFRTQVKEAIDIVCRFLKERCFQGTADPVRVSKVVKGGSSGKGTTLRGRSDADLVVFLTKLTSFEDQLRRRGEFIQEIRRQLEACQREQKFKVTFEVQSPRRENPRALSFVLSSPQLQQEVEFDVLPAFDALGQWTPGYKPNPEIYVQLIKECKSRGKEGEFSTCFTELQRDFLRNRPTKLKSLIRLVKHWYQTCKKTHGNKLPPQYALELLTVYAWEQGSRKTDFSTAQGFQTVLELVLKHQKLCIFWEAYYDFTNPVVGRCMLQQLKKPRPVILDPADPTGNVGGGDTHSWQRLAQEARVWLGYPCCKNLDGSLVGAWTMLQKIGSHHHHHH,357,4rwq.B.pdb
4uv2.D.pdb,230,RAQSYKDLTHLPAPTGKIFVSVYNIQDETGQFKPYPASNFSTAVPQSATALVTALKDSRWFIPLERQGLQNLLNERKIIRAAQENGTVAINNRIPLQSLTAANIVEGSIIGYESNVKSGGVGARYFGIGADTQYQLDQIAVNLRVVNVSTGEILSSVNTSKTILSYEVQAGVFRFIDYVGYTSNEPVLCLSAIETGVIFLINDGIDRGLWDLQNKAERQNDILVKYRHSV,transport protein,2.8,2014-08-04,2014-09-24,x-ray diffraction,SLTAPPKEAARPTLMPRAQSYKDLTHLPAPTGKIFVSVYNIQDETGQFKPYPASNFSTAVPQSATAMLVTALKDSRWFIPLERQGLQNLLNERKIIRAAQENGTVAINNRIPLQSLTAANIMVEGSIIGYESNVKSGGVGARYFGIGADTQYQLDQIAVNLRVVNVSTGEILSSVNTSKTILSYEVQAGVFRFIDYQRLLEGEVGYTSNEPVMLCLMSAIETGVIFLINDGIDRGLWDLQNKAERQNDILVKYRHMSVPPES,262,4q79.F.pdb
4y0m.J.pdb,206,AQLAAPLKVGAIYTIGPYLFPHLIPQLHRVAPQPLYIEENFTHILRDKLRTGELDAIIIALPFQEADVLTKPLFDEPFYVLPADHPWTAKASIDSELLNDKSLLLLGEGHCFRDQVLEACPTVKHTTVESSSLETIRHVASGLGVSVLPFSAVDSHHYAPGVIEVRPFSAPVPFRTVAIAWRASFPRPRAIEVLADSIRLCSVARP,dna binding protein,2.3,2015-02-06,2015-04-29,x-ray diffraction,GAMAQLAAPLKVGAIYTIGPYLFPHLIPQLHRVAPQMPLYIEENFTHILRDKLRTGELDAIIIALPFQEADVLTKPLFDEPFYVLMPADHPWTAKASIDSELLNDKSLLLLGEGHCFRDQVLEACPTVRKGDENKHTTVESSSLETIRHMVASGLGVSVLPFSAVDSHHYAPGVIEVRPFSAPVPFRTVAIAWRASFPRPRAIEVLADSIRLCSVARPQTQEQPQIA,227,4xws.D.pdb
4zrb.C.pdb,123,FHFDAISAFENYEIEKMRDGHVVVTTKVVNSSLNYYGNAHGGYLFTLCDQISGLVVISLGLDGVTLQSSINYLKAGKLDDVLTIKGECVHQGRTTCVMDVDITNQEGRNVCKATFTMFVTGQR,hydrolase,2.2,2015-05-12,2015-05-27,x-ray diffraction,SNAMKDFHFDAISAFENYEIEKMRDGHVVVTTKVVNSSLNYYGNAHGGYLFTLCDQISGLVVISLGLDGVTLQSSINYLKAGKLDDVLTIKGECVHQGRTTCVMDVDITNQEGRNVCKATFTMFVTGQRSEERRVRI,137,4zrb.H.pdb
5ly6.B.pdb,471,MANKAVNDFILAMNYDKKKLLTHQGESIENRFIKEGNQLPDEFVVIERKKRSLSTNTSDISVTATNDSRLYPGALLVVDETLLENNPTLLAVDRAPMTYSIDLPGLASSDSFLQVEDPSNSSVRGAVNDLLAKWHQDYGQVNNVPARMQYEKITAHSMEQLKVKFGSDFEKAANSLDIDFNAVHSGEKQIQIVNFKQIYYTVSVDAVKNPGDVFQDTVTVEDLKQRGISAERPLVYISSVAYGRQVYLKLETTSKSDEVQAAFEAAILGVKVAPQTQWKQILDNTEVKAVILGGDPSSGARVVTGKVDMVEDLIQEGSRFTADHPGLPISYTTSFLRDNVVATFQNSTDYVETKVTAYRNGDLLLDHSGAYVAQYYITWDELSYDHQGKEVLTPKAWDRNGQDLTAHFTTSIPLKGNVRNLSVKIRECTGLAWEWWRTVYEKTDLPLVRKRTISIWGTTLYPQVEDKVEND,toxin,4.5,2016-09-24,2017-04-05,electron microscopy,MANKAVNDFILAMNYDKKKLLTHQGESIENRFIKEGNQLPDEFVVIERKKRSLSTNTSDISVTATNDSRLYPGALLVVDETLLENNPTLLAVDRAPMTYSIDLPGLASSDSFLQVEDPSNSSVRGAVNDLLAKWHQDYGQVNNVPARMQYEKITAHSMEQLKVKFGSDFEKAANSLDIDFNAVHSGEKQIQIVNFKQIYYTVSVDAVKNPGDVFQDTVTVEDLKQRGISAERPLVYISSVAYGRQVYLKLETTSKSDEVQAAFEAAILGVKVAPQTQWKQILDNTEVKAVILGGDPSSGARVVTGKVDMVEDLIQEGSRFTADHPGLPISYTTSFLRDNVVATFQNSTDYVETKVTAYRNGDLLLDHSGAYVAQYYITWDELSYDHQGKEVLTPKAWDRNGQDLTAHFTTSIPLKGNVRNLSVKIRECTGLAWEWWRTVYEKTDLPLVRKRTISIWGTTLYPQVEDKVEND,471,5aoe.B.pdb
5c1v.A.pdb,317,PPSHRLTAKEVFDNDGKPRVDILKAHLMKEGRLEESVALRIITEGASILRQEKNLLDIDAPVTVCGDIHGQFFDLMKLFEVGGSPANTRYLFLGDYVDRGYFSIECVLYLWALKILYPKTLFLLRGNHECRHLTEYFTFKQECKIKYSERVYDACMDAFDCLPLAALMNQQFLCVHGGLSPEINTLDDIRKLDRFKEPPAYGPMCDILWSDPLEDFGNEKTQEHFTHNTVRGCSYFYSYPAVCEFLQHNNLLSILRAHEAQDAGYRMYRKSQTTGFPSLITIFSAPNYLDVYNNKAAVLKYENNVMNIRQFNCSPHP,hydrolase,3.35,2015-06-15,2016-02-03,x-ray diffraction,SEPKAIDPKLSTTDRVVKAVPFPPSHRLTAKEVFDNDGKPRVDILKAHLMKEGRLEESVALRIITEGASILRQEKNLLDIDAPVTVCGDIHGQFFDLMKLFEVGGSPANTRYLFLGDYVDRGYFSIECVLYLWALKILYPKTLFLLRGNHECRHLTEYFTFKQECKIKYSERVYDACMDAFDCLPLAALMNQQFLCVHGGLSPEINTLDDIRKLDRFKEPPAYGPMCDILWSDPLEDFGNEKTQEHFTHNTVRGCSYFYSYPAVCEFLQHNNLLSILRAHEAQDAGYRMYRKSQTTGFPSLITIFSAPNYLDVYNNKAAVLKYENNVMNIRQFNCSPHPSWAPNFD,346,5c1v.B.pdb
5flu.E.pdb,163,APTIPQGQGKVTFNGTVVDAPCSISQKSADQSIDFGQLSKSFLEAGGVSKPMDLDIELVNCDITAFKGGNGAKKGTVKLAFTGPIVNGHSDELDTNGGTGTAIVVQGAGKNVVFDGSEGDANTLKDGENVLHYTAVVKKSSAVGAAVTEGAFSAVANFNLTYQ,structural protein,3.8,2015-10-28,2016-01-13,electron microscopy,APTIPQGQGKVTFNGTVVDAPCSISQKSADQSIDFGQLSKSFLEAGGVSKPMDLDIELVNCDITAFKGGNGAKKGTVKLAFTGPIVNGHSDELDTNGGTGTAIVVQGAGKNVVFDGSEGDANTLKDGENVLHYTAVVKKSSAVGAAVTEGAFSAVANFNLTYQ,163,2uy7.D.pdb
5hmg.A.pdb,328,QDLPGNDNSTATLCLGHHAVPNGTLVKTITDDQIEVTNATELVQSSSTGKICNNPHRILDGIDCTLIDALLGDPHCDVFQNETWDLFVERSKAFSNCYPYDVPDYASLRSLVASSGTLEFITEGFTWTGVTQNGGSNACKRGPGSGFFSRLNWLTKSGSTYPVLNVTMPNNDNFDKLYIWGIHHPSTNQEQTSLYVQASGRVTVSTRRSQQTIIPNIGSRPWVRGLSSRISIYWTIVKPGDVLVINSNGNLIAPRGYFKMRTGKSSIMRSDAPIDTCISECITPNGSIPNDKPFQNVNKITYGACPKYVKQNTLKLATGMRNVPEKQT,viral protein,3.2,1989-09-11,1991-01-15,x-ray diffraction,QDLPGNDNSTATLCLGHHAVPNGTLVKTITDDQIEVTNATELVQSSSTGKICNNPHRILDGIDCTLIDALLGDPHCDVFQNETWDLFVERSKAFSNCYPYDVPDYASLRSLVASSGTLEFITEGFTWTGVTQNGGSNACKRGPGSGFFSRLNWLTKSGSTYPVLNVTMPNNDNFDKLYIWGIHHPSTNQEQTSLYVQASGRVTVSTRRSQQTIIPNIGSRPWVRGLSSRISIYWTIVKPGDVLVINSNGNLIAPRGYFKMRTGKSSIMRSDAPIDTCISECITPNGSIPNDKPFQNVNKITYGACPKYVKQNTLKLATGMRNVPEKQT,328,3ztj.E.pdb
5i2m.A.pdb,409,KFTIVFPHNQKGNWKNVPSNYHYCPSSSDLNWHNDLIGTALQVKMPKSHKAIQADGWMCHASKWVTTCDFRWYGPKYITHSIRSFTPSVEQCKESIEQTKQGTWLNPGFPPQSCGYATVTDAEAVIVQVTPHHVLVDEYTGEWVDSQFINGKCSNYICPTVHNSTTWHSDYKVKGLCDSNLISMDITFFSEDGELSSLGKEGTGFRSNYFAYETGGKACKMQYCKHWGVRLPSGVWFEMADKDLFAAARFPECPEGSSISAPSQTSVDVSLIQDVERILDYSLCQETWSKIRAGLPISPVDLSYLAPKNPGTGPAFTIINGTLKYFETRYIRVDIAAPILSRMVGMISGTTTERELWDDWAPYEDVEIGPNGVLRTSSGYKFPLYMIGHGMLDSDLHLSSKAQVFEHPH,membrane protein,2.4,2016-02-09,2016-02-24,x-ray diffraction,KFTIVFPHNQKGNWKNVPSNYHYCPSSSDLNWHNDLIGTALQVKMPKSHKAIQADGWMCHASKWVTTCDFRWYGPKYITHSIRSFTPSVEQCKESIEQTKQGTWLNPGFPPQSCGYATVTDAEAVIVQVTPHHVLVDEYTGEWVDSQFINGKCSNYICPTVHNSTTWHSDYKVKGLCDSNLISMDITFFSEDGELSSLGKEGTGFRSNYFAYETGGKACKMQYCKHWGVRLPSGVWFEMADKDLFAAARFPECPEGSSISAPSQTSVDVSLIQDVERILDYSLCQETWSKIRAGLPISPVDLSYLAPKNPGTGPAFTIINGTLKYFETRYIRVDIAAPILSRMVGMISGTTTERELWDDWAPYEDVEIGPNGVLRTSSGYKFPLYMIGHGMLDSDLHLSSKAQVFEHPHIQDAASQLPDDES,422,5i2s.A.pdb
5jzh.A.pdb,424,AEPVYPDQLRLFSLGQGVCGDKYRPVNREEAQSVKSNIVGMMGQWQISGLANGWVIMGPGYNGEIKPGTASNTWCYPTNPVTGEIPTLSALDIPDGDEVDVQWRLVHDSANFIKPTSYLAHYLGYAWVGGNHSQYVGEDMDVTRDGDGWVIRGNNDGGCDGYRCGDKTAIKVSNFAYNLDPDSFKHGDVTQSDRQLVKTVVGWAVNDSDTPQSGYDVTLRGDTATNWSKTNTYGLSEKVTTKNKFKWPLVGETELSIEIAANQSWASQNGGSTTTSLSQSVRPTVPARSKIPVKIELYKADISYPYEFKADVSYDLTLSGFLRWGGNAWYTHPDNRPNWNHTFVIGPYKDKASSIRYQWDKRYIPGEVKWWDWNWTIQQNGLSTMQNNLARVLRPVRAGITGDFSAESQFAGNIEIGAPVPLAA,toxin,3.9,2016-05-16,2016-07-13,electron microscopy,AEPVYPDQLRLFSLGQGVCGDKYRPVNREEAQSVKSNIVGMMGQWQISGLANGWVIMGPGYNGEIKPGTASNTWCYPTNPVTGEIPTLSALDIPDGDEVDVQWRLVHDSANFIKPTSYLAHYLGYAWVGGNHSQYVGEDMDVTRDGDGWVIRGNNDGGCDGYRCGDKTAIKVSNFAYNLDPDSFKHGDVTQSDRQLVKTVVGWAVNDSDTPQSGYDVTLRGDTATNWSKTNTYGLSEKVTTKNKFKWPLVGETELSIEIAANQSWASQNGGSTTTSLSQSVRPTVPARSKIPVKIELYKADISYPYEFKADVSYDLTLSGFLRWGGNAWYTHPDNRPNWNHTFVIGPYKDKASSIRYQWDKRYIPGEVKWWDWNWTIQQNGLSTMQNNLARVLRPVRAGITGDFSAESQFAGNIEIGAPVPLAA,424,5jzt.G.pdb
5keq.F.pdb,473,EATVYLPPVPVSKVVSTDEYVARTNIYYHAGTSRLLAVGHPYFPIKKPNNNKILVPKVSGLQYRVFRIHLPDPNKFGFPDTSFYNPDTQRLVWACVGVEVGRGQPLGVGISGHPLLNKLDDTENASAYAANAGVDNRECISMDYKQTQLCLIGCKPPIGEHWGKGSPCTNVAVNPGDCPPLELINTVIQDGDMVDTGFGAMDFTTLQANKSEVPLDICTSICKYPDYIKMVSEPYGDSLFFYLRREQMFVRHLFNRAGAVGENVPDDLYIKGSGSTANLASSNYFPTPSGSMVTSDAQIFNKPYWLQRAQGHNNGICWGNQLFVTVVDTTRSTNMSLCAAISTSETTYKNTNFKEYLRHGEEYDLQFIFQLCKITLTADVMTYIHSMNSTILEDWNFGLQPPPGGTLEDTYRFVTSQAIACQKHTPPAPKEDPLKKYTFWEVNLKEKFSADLDQFPLGRKFLLQAGLKAKPKF,virus like particle,4.3,2016-06-10,2017-01-25,electron microscopy,LWLPSEATVYLPPVPVSKVVSTDEYVARTNIYYHAGTSRLLAVGHPYFPIKKPNNNKILVPKVSGLQYRVFRIHLPDPNKFGFPDTSFYNPDTQRLVWACVGVEVGRGQPLGVGISGHPLLNKLDDTENASAYAANAGVDNRECISMDYKQTQLCLIGCKPPIGEHWGKGSPCTNVAVNPGDCPPLELINTVIQDGDMVDTGFGAMDFTTLQANKSEVPLDICTSICKYPDYIKMVSEPYGDSLFFYLRREQMFVRHLFNRAGAVGENVPDDLYIKGSGSTANLASSNYFPTPSGSMVTSDAQIFNKPYWLQRAQGHNNGICWGNQLFVTVVDTTRSTNMSLCAAISTSETTYKNTNFKEYLRHGEEYDLQFIFQLCKITLTADVMTYIHSMNSTILEDWNFGLQPPPGGTLEDTYRFVTSQAIACQKHTPPAPKEDPLKKYTFWEVNLKEKFSADLDQFPLGRKFLLQAGLKAKPKFTLGKR,483,1dzl.A.pdb
5l35.D.pdb,422,PNNLDSNVSQIVLKKFLPGFMSDLVLAKTVDRQLLAGEINSSTGDSVSFKRPHQFSSLRTPTGDISGQNKNNLISGKATGRVGNYITVAVEYQQLEEAIKLNQLEEILAPVRQRIVTDLETELAHFMMNNGALSLGSPNTPITKWSDVAQTASFLKDLGVNEGENYAVMDPWSAQRLADAQTGLHASDQLVRTAWENAQIPTNFGGIRALMSNGLASRTQGAFGGTLTVKTQPTVTYNAVKDSYQFTVTLTGATASVTGFLKAGDQVKFTNTYWLQQQTKQALYNGATPISFTATVTADANSDSGGDVTVTLSGVPIYDTTNPQYNSVSRQVEAGDAVSVVGTASQTMKPNLFYNKFFCGLGSIPLPKLHSIDSAVATYEGFSIRVHKYADGDANVQKMRFDLLPAYVCFNPHMGGQFFGNP,virus,2.89,2016-08-03,2017-03-22,electron microscopy,PNNLDSNVSQIVLKKFLPGFMSDLVLAKTVDRQLLAGEINSSTGDSVSFKRPHQFSSLRTPTGDISGQNKNNLISGKATGRVGNYITVAVEYQQLEEAIKLNQLEEILAPVRQRIVTDLETELAHFMMNNGALSLGSPNTPITKWSDVAQTASFLKDLGVNEGENYAVMDPWSAQRLADAQTGLHASDQLVRTAWENAQIPTNFGGIRALMSNGLASRTQGAFGGTLTVKTQPTVTYNAVKDSYQFTVTLTGATASVTGFLKAGDQVKFTNTYWLQQQTKQALYNGATPISFTATVTADANSDSGGDVTVTLSGVPIYDTTNPQYNSVSRQVEAGDAVSVVGTASQTMKPNLFYNKFFCGLGSIPLPKLHSIDSAVATYEGFSIRVHKYADGDANVQKMRFDLLPAYVCFNPHMGGQFFGNP,422,5l35.G.pdb
3r9j.C.pdb,70,NTANIAKERLQNIVAERRRSDAEPHYLPQLRKDILEVICKYVQIDPEMVTVQLEQKDGDISILELNVTLP,"cell cycle,hydrolase/cell cycle",4.3,2011-03-25,2011-08-17,x-ray diffraction,KNTANIAKERLQNIVAERRRSDAEPHYLPQLRKDILEVICKYVQIDPEMVTVQLEQKDGDISILELNVTLPEAEELK,77,2kxo.A.pdb
1cee.B.pdb,59,KKKISKADIGAPSGFKHVSHVGWDPQNGFDVNNLDPDLRSLFSRAGISEAQLTDAETSK,structural protein regulation,,1999-03-08,1999-06-30,solution nmr,KKKISKADIGAPSGFKHVSHVGWDPQNGFDVNNLDPDLRSLFSRAGISEAQLTDAETSK,59,2k42.A.pdb
2h44.A.pdb,326,EETRELQSLAAAVVPSAQTLKITDFSFSDFELSDLETALCTIRMFTDLNLVQNFQMKHEVLCRWILSVKKNYRKNVAYHNWRHAFNTAQCMFAALKAGKIQNKLTDLEILALLIAALSHDLDHRGVNNSYIQRSEHPLAQLYCHSIMEHHHFDQCLMILNSPGNQILSGLSIEEYKTTLKIIKQAILATDLALYIKRRGEFFELIRKNQFNLEDPHQKELFLAMLMTACDLSAITKPWPIQQRIAELVATEFFDQGDRERKELNIEPTDLMNREKKNKIPSMQVGFIDAICLQLYEALTHVSEDCFPLLDGCRKNRQKWQALAEQQ,hydrolase,1.8,2006-05-23,2006-06-06,x-ray diffraction,EETRELQSLAAAVVPSAQTLKITDFSFSDFELSDLETALCTIRMFTDLNLVQNFQMKHEVLCRWILSVKKNYRKNVAYHNWRHAFNTAQCMFAALKAGKIQNKLTDLEILALLIAALSHDLDHRGVNNSYIQRSEHPLAQLYCHSIMEHHHFDQCLMILNSPGNQILSGLSIEEYKTTLKIIKQAILATDLALYIKRRGEFFELIRKNQFNLEDPHQKELFLAMLMTACDLSAITKPWPIQQRIAELVATEFFDQGDRERKELNIEPTDLMNREKKNKIPSMQVGFIDAICLQLYEALTHVSEDCFPLLDGCRKNRQKWQALAEQQ,326,1rkp.A.pdb
2grm.B.pdb,315,MFKIGSVLKQIRQELNYHQIDLYSGIMSKSVYIKVEADSRPISVEELSKFSERLGVNFFEILNRAGMNTKSVNETGKEKLLISKIFTNPDLFDKNFQRIEPKRLTSLQYFSIYLGYISIAHHYNIEVPTFNKTITSDLKHLYDKRTTFFGIDYEIVSNLLNVLPYEEVSSIIKPMYPIVDSFGKDYDLTIQTVLKNALTISIMNRNLKEAQYYINQFEHLKTIKNISINGCYDLEINYLKQIYQFLTDKNIDSYLNAVNIINIFKIIGKEDIHRSLVEELTKISAKEKFTPPKEVTMYYENYVAIENNPIPEIKE,transcription,3.0,2006-04-24,2007-04-03,x-ray diffraction,MFKIGSVLKQIRQELNYHQIDLYSGIMSKSVYIKVEADSRPISVEELSKFSERLGVNFFEILNRAGMNTKSVNETGKEKLLISKIFTNPDLFDKNFQRIEPKRLTSLQYFSIYLGYISIAHHYNIEVPTFNKTITSDLKHLYDKRTTFFGIDYEIVSNLLNVLPYEEVSSIIKPMYPIVDSFGKDYDLTIQTVLKNALTISIMNRNLKEAQYYINQFEHLKTIKNISINGCYDLEINYLKQIYQFLTDKNIDSYLNAVNIINIFKIIGKEDIHRSLVEELTKISAKEKFTPPKEVTMYYENYVAIENNPIPEIKEQS,317,2axz.A.pdb
2c1v.B.pdb,335,AIDNGALREEAKGVFEAIPEKMTAIKQTEDNPEGVPLTAEKIELGKVLFFDPRMSSSGLISCQTCHNVGLGGVDGLPTSIGHGWQKGPRNAPTMLNAIFNAAQFWDGRAADLAEQAKGPVQAGVEMSNTPDQVVKTINSMPEYVEAFKAAFPEEADPVTFDNFAAAIEQFEATLITPNSAFDRFLAGDDAAMTDQEKRGLQAFMETGCTACHYGVNFGGQDYHPFGLIAKPGAEVLPAGDTGRFEVTRTTDDEYVFRAAPLRNVALTAPYFHSGVVWELAEAVKIMSSAQIGTELTDQQAEDITAFLGTLTGEQPVIDHPILPVRTGTTPLPTPM,oxidoreductase,1.2,2005-09-21,2006-01-13,x-ray diffraction,ETEAIDNGALREEAKGVFEAIPEKMTAIKQTEDNPEGVPLTAEKIELGKVLFFDPRMSSSGLISCQTCHNVGLGGVDGLPTSIGHGWQKGPRNAPTMLNAIFNAAQFWDGRAADLAEQAKGPVQAGVEMSNTPDQVVKTINSMPEYVEAFKAAFPEEADPVTFDNFAAAIEQFEATLITPNSAFDRFLAGDDAAMTDQEKRGLQAFMETGCTACHYGVNFGGQDYHPFGLIAKPGAEVLPAGDTGRFEVTRTTDDEYVFRAAPLRNVALTAPYFHSGVVWELAEAVKIMSSAQIGTELTDQQAEDITAFLGTLTGEQPVIDHPILPVRTGTTPLPTPM,338,2c1u.C.pdb
3kds.G.pdb,426,KRVTFKDVGGAEEAIEELKEVVEFLKDPSKFNRIGARMPKGILLVGPPGTGATLLARAVAGEANVPFFHISGSDFVELFVGVGAARVRDLFAQAKAHAPCIVFIDEIDAVGRHDEREQTLNQLLVEMDGFDSKEGIIVMAATNRPDILDPALLRPGRFDKKIVVDPPDMLGRKKILEIHTRNKPLAEDVNLEIIAKRTPGFVGADLENLVNEAALLAAREGRDKITMKDFEEAIDRVIAGPARKSLLISPAEKRIIAYHEAGHAVVSTVVPNGEPVHRISIIPRGYKALGYTLHLPEEDKYLVSRNELLDKLTALLGGRAAEEVVFGDVTSGAANDIERATEIARNMVCQLGMSEELGPLAWGKLRNYSEEVASKIDEEVKKIVTNCYERAKEIIRKYRKQLDNIVEILLEKETIEGDELRRILSE,metal binding protein,2.6,2009-10-23,2009-12-01,x-ray diffraction,MATMYKPSGNKRVTFKDVGGAEEAIEELKEVVEFLKDPSKFNRIGARMPKGILLVGPPGTGATLLARAVAGEANVPFFHISGSDFVELFVGVGAARVRDLFAQAKAHAPCIVFIDEIDAVGRHRGAGLGGGHDEREQTLNQLLVEMDGFDSKEGIIVMAATNRPDILDPALLRPGRFDKKIVVDPPDMLGRKKILEIHTRNKPLAEDVNLEIIAKRTPGFVGADLENLVNEAALLAAREGRDKITMKDFEEAIDRVIAGPARKSLLISPAEKRIIAYHEAGHAVVSTVVPNGEPVHRISIIPRGYKALGYTLHLPEEDKYLVSRNELLDKLTALLGGRAAEEVVFGDVTSGAANDIERATEIARNMVCQLGMSEELGPLAWGKEEQEVFLGKEITRLRNYSEEVASKIDEEVKKIVTNCYERAKEIIRKYRKQLDNIVEILLEKETIEGDELRRILSEEFEKVVE,465,2ce7.C.pdb
2ged.B.pdb,163,FKFANLEASVVAFEGSINKRKISQWREWIDEKLYQPSIIIAGPQNSGKTSLLTLLTADYDGSGVTLVDFPGHVKLRYKLSDYLKTRAKFVKGLIFMVDSTVDPKKLTTTAEFLVDILSITESSCENGIDILIACNKSELFTARPPSKIKDALESEIQKVIERR,"protein transport, signaling protein",2.2,2006-03-19,2006-04-18,x-ray diffraction,HMDGFKFANLEASVVAFEGSINKRKISQWREWIDEKLGGGSGGGGSYQPSIIIAGPQNSGKTSLLTLLTTDSVRPTVVSQEPLSAADYDGSGVTLVDFPGHVKLRYKLSDYLKTRAKFVKGLIFMVDSTVDPKKLTTTAEFLVDILSITESSCENGIDILIACNKSELFTARPPSKIKDALESEIQKVIERRK,193,1nrj.B.pdb
2lel.A.pdb,74,VDMSNVVKTYDLQDGSKVHVFKDGKMGMENKFGKSMNMPEGKVMETRDGTKIIMKGNEIFRLDEALRKGHSEGG,metal binding protein,,2011-06-16,2012-02-15,solution nmr,VDMSNVVKTYDLQDGSKVHVFKDGKMGMENKFGKSMNMPEGKVMETRDGTKIIMKGNEIFRLDEALRKGHSEGG,74,2k0q.A.pdb
2lv1.A.pdb,147,GAMDPGQGGGTHSQWNKPSKPKTNMKHMAGAAAAGAVVGGLGGYMLGSAMSRPIIHFGSDYEDRYYRENMHRYPNQVYYRPMDEYSNQNNFVHDCVNITIKQHTVTTTTKGENFTETDVKMMERVIEQMCITQYERESQAYYQRGSS,membrane protein,,2012-06-26,2012-09-19,solution nmr,GAMDPGQGGGTHSQWNKPSKPKTNMKHMAGAAAAGAVVGGLGGYMLGSAMSRPIIHFGSDYEDRYYRENMHRYPNQVYYRPMDEYSNQNNFVHDCVNITIKQHTVTTTTKGENFTETDVKMMERVIEQMCITQYERESQAYYQRGSS,147,6lni.A.pdb
2kkw.A.pdb,140,MDVFMKGLSKAKEGVVAAAEKTKQGVAEAAGKTKEGVLYVGSKTKEGVVHGVATVAEKTKEQVTNVGGAVVTGVTAVAQKTVEGAGSIAAATGFVKKDQLGKNEEGAPQEGILEDMPVDPDNEAYEMPSEEGYQDYEPEA,lipid binding protein,,2009-06-29,2010-06-16,solution nmr; epr,MDVFMKGLSKAKEGVVAAAEKTKQGVAEAAGKTKEGVLYVGSKTKEGVVHGVATVAEKTKEQVTNVGGAVVTGVTAVAQKTVEGAGSIAAATGFVKKDQLGKNEEGAPQEGILEDMPVDPDNEAYEMPSEEGYQDYEPEA,140,2n0a.D.pdb
1iyt.A.pdb,42,DAEFRHDSGYEVHHQKLVFFAEDVGSNKGAIIGLMVGGVVIA,protein binding,,2002-09-06,2003-02-11,solution nmr,DAEFRHDSGYEVHHQKLVFFAEDVGSNKGAIIGLMVGGVVIA,42,2nao.F.pdb
2mwf.A.pdb,32,SEWTERKTADGKTYYYNNRTLESTWEKPQELK,transcription,,2014-11-04,2014-12-03,solution nmr,SEWTERKTADGKTYYYNNRTLESTWEKPQELK,32,2nnt.A.pdb
1jfk.A.pdb,134,MAEALFKEIDVNGDGAVSYEEVKAFVSKKRAIKNEQLLQLIFKSIDADGNGEIDQNEFAKFYGSIQGQDLSDDKIGLKVLYKLMDVDGDGKLTKEEVTSFFKKHGIEKVAEQVMKADANGDGYITLEEFLEFSL,metal binding protein,,2001-06-21,2001-12-19,solution nmr,MAEALFKEIDVNGDGAVSYEEVKAFVSKKRAIKNEQLLQLIFKSIDADGNGEIDQNEFAKFYGSIQGQDLSDDKIGLKVLYKLMDVDGDGKLTKEEVTSFFKKHGIEKVAEQVMKADANGDGYITLEEFLEFSL,134,2nxq.B.pdb
2p3v.D.pdb,254,MDRLDFSIKLLRKVGHLLMIHWGRVDNVEKKTGFKDIVTEIDREAQRMIVDEIRKFFPDENIMAEEGIFEKGDRLWIIDPIDGTINFVHGLPNFSISLAYVENGEVKLGVVHAPALNETLYAEEGSGAFFNGERIRVSENASLEECVGSTGSYVDFTGKFIERMEKRTRRIRILGSAALNAAYVGAGRVDFFVTWRINPWDIAAGLIIVKEAGGMVTDFSGKEANAFSKNFIFSNGLIHDEVVKVVNEVVEEIG,hydrolase,2.4,2007-03-09,2007-04-24,x-ray diffraction,MDRLDFSIKLLRKVGHLLMIHWGRVDNVEKKTGFKDIVTEIDREAQRMIVDEIRKFFPDENIMAEEGIFEKGDRLWIIDPIDGTINFVHGLPNFSISLAYVENGEVKLGVVHAPALNETLYAEEGSGAFFNGERIRVSENASLEECVGSTGSYVDFTGKFIERMEKRTRRIRILGSAALNAAYVGAGRVDFFVTWRINPWDIAAGLIIVKEAGGMVTDFSGKEANAFSKNFIFSNGLIHDEVVKVVNEVVEEIGGK,256,2p3v.A.pdb
5jyt.A.pdb,106,MAPLRKTAVLKLYVAGNTPNSVRALKTLANILEKEFKGVYALKVIDVLKNPQLAEEDKILATPTLAKVLPPPVRRIIGDLSNREKVLIALRLLAEEIGDYKDDDDK,sigaling protein,,2016-05-15,2017-03-29,solution nmr,MAPLRKTAVLKLYVAGNTPNSVRALKTLANILEKEFKGVYALKVIDVLKNPQLAEEDKILATPTLAKVLPPPVRRIIGDLSNREKVLIALRLLAEEIGDYKDDDDK,106,2qke.E.pdb
3g0h.A.pdb,408,SLLNKLIRSNLVDNTNQVEVLQRDPNSPLYSVKSFEELRLKPQLLQGVYAMGFNRPSKIQENALPLMLAEPPQNLIAQSQSGTGKTAAFVLAMLSQVEPANKYPQCLCLSPTYELALQTGKVIEQMGKFYPELKLAYAVRGNKLERGQKISEQIVIGTPGTVLDWCSKLKFIDPKKIKVFVLDEADVMIATQGHQDQSIRIQRMLPRNCQMLLFSATFEDSVWKFAQKVVPDPNVIKLKREEETLDTIKQYYVLCSSRDEKFQALCNLYGAITIAQAMIFCHTRKTASWLAAELSKEGHQVALLSGEMMVEQRAAVIERFREGKEKVLVTTNVCARGIDVEQVSVVINFDLPVDKDGNPDNETYLHRIGRTGRFGKRGLAVNMVDSKHSMNILNRIQEHFNKKIERLD,hydrolase/rna,2.7,2009-01-28,2009-02-17,x-ray diffraction,SMEDRAAQSLLNKLIRSNLVDNTNQVEVLQRDPNSPLYSVKSFEELRLKPQLLQGVYAMGFNRPSKIQENALPLMLAEPPQNLIAQSQSGTGKTAAFVLAMLSQVEPANKYPQCLCLSPTYELALQTGKVIEQMGKFYPELKLAYAVRGNKLERGQKISEQIVIGTPGTVLDWCSKLKFIDPKKIKVFVLDEADVMIATQGHQDQSIRIQRMLPRNCQMLLFSATFEDSVWKFAQKVVPDPNVIKLKREEETLDTIKQYYVLCSSRDEKFQALCNLYGAITIAQAMIFCHTRKTASWLAAELSKEGHQVALLSGEMMVEQRAAVIERFREGKEKVLVTTNVCARGIDVEQVSVVINFDLPVDKDGNPDNETYLHRIGRTGRFGKRGLAVNMVDSKHSMNILNRIQEHFNKKIERLDTDDLDEIE,424,3ews.B.pdb
2vfx.L.pdb,203,GMALQLSREQGITARGSAEIVAEFFSFGINSILYQRGIYPSETFTRVQKYGLTLLVTTDLELIKYLNNVVEQLKDWLYKSSVQKLVVVISNIESGEVLERWQFDIESDKTAKAPREKSQKAIQDEIRSVIRQITATVTFLPLLEVSCSFDLLIYTDKDLVVPEKWEESGPQFITNSEEVRLRSFTTTIHKVNSMVAYKIPVND,cell cycle,1.95,2007-11-05,2008-03-18,x-ray diffraction,GMALQLSREQGITARGSAEIVAEFFSFGINSILYQRGIYPSETFTRVQKYGLTLLVTTDLELIKYLNNVVEQLKDWLYKSSVQKLVVVISNIESGEVLERWQFDIESDKTAKDDSAPREKSQKAIQDEIRSVIRQITATVTFLPLLEVSCSFDLLIYTDKDLVVPEKWEESGPQFITNSEEVRLRSFTTTIHKVNSMVAYKIPVND,206,3gmh.L.pdb
3j9c.A.pdb,423,TVPDRDNDGIPDSLEVEGYTVDVKNKRTFLSPWISNIHEKKGLTKYKSSPEKWSTASDPYSDFEKVTGRIDKNVSPEARHPLVAAYPIVHVDMENIILSKNEDQSTQNTDSQTRTISKNTSTSRTHTSEVHGNAEVHASFFDIGGSVSAGFSNSNSSTVAIDHSLSLAGERTWAETMGLNTADTARLNANIRYVNTGTAPIYNVLPTTSLVLGKNQTLATIKAKENQLSQILAPNNYYPSKNLAPIALNAQDDFSSTPITMNYNQFLELEKTKQLRLDTDQVYGNIATYNFENGRVRVDTGSNWSEVLPQIQETTARIIFNGKDLNLVERRIAAVNPSDPLETTKPDMTLKEALKIAFGFNEPNGNLQYQGKDITEFDFNFDQQTSQNIKNQLAELNATNIYTVLDKIKLNAKMNILIRDKRF,"toxin, transport protein",2.9,2014-12-25,2015-03-11,electron microscopy,TVPDRDNDGIPDSLEVEGYTVDVKNKRTFLSPWISNIHEKKGLTKYKSSPEKWSTASDPYSDFEKVTGRIDKNVSPEARHPLVAAYPIVHVDMENIILSKNEDQSTQNTDSQTRTISKNTSTSRTHTSEVHGNAEVHASFFDIGGSVSAGFSNSNSSTVAIDHSLSLAGERTWAETMGLNTADTARLNANIRYVNTGTAPIYNVLPTTSLVLGKNQTLATIKAKENQLSQILAPNNYYPSKNLAPIALNAQDDFSSTPITMNYNQFLELEKTKQLRLDTDQVYGNIATYNFENGRVRVDTGSNWSEVLPQIQETTARIIFNGKDLNLVERRIAAVNPSDPLETTKPDMTLKEALKIAFGFNEPNGNLQYQGKDITEFDFNFDQQTSQNIKNQLAELNATNIYTVLDKIKLNAKMNILIRDKRFHYDRNNIAVGADESVVKEAHREVINSSTEGLLLNIDKDIRKILSGYIVEIEDTEGLKEVINDRYDMLNISSLRQDGKTFIDFKKYNDKLPLYISNPNYKVNVYAVTKENTIINPSENGDTSTNGIKKILIFSKKGYEIG,562,4h2a.A.pdb
3njq.A.pdb,189,GLYVGGFVDVVSPKLEQELYLDPDQVTDYLPVTEPLPITIEHLPETEVGWTLGLFQVSHGIFCTGAITSPAFLELASRLADTSHVARAPVKNLPKEPLLEILHTWLPGLSLSSIHPRELSQTPSGPVFQHVSLCALGRRRGTVAVYGHDAEWVVSRFSSVSKSERAHILQHVSSCRLEDLSTPNFVSPL,viral protein/inhibitor,2.0,2010-06-17,2011-08-17,x-ray diffraction,GLYVGGFVDVVSCPKLEQELYLDPDQVTDYLPVTEPLPITIEHLPETEVGWTLGLFQVSHGIFCTGAITSPAFLELASRLADTSHVARAPVKNLPKEPLLEILHTWLPGLSLSSIHPRELSQTPSGPVFQHVSLCALGRRRGTVAVYGHDAEWVVSRFSSVSKSERAHILQHVSSCRLEDLSTPNFVSPLETL,193,2pbk.B.pdb
3t1p.A.pdb,371,NKITPNLAEFAFSLYRQLAHQSNSTNIFFSPVSIATAFAMLSLGTKADTHDEILEGLNFNLTEIPEAQIHEGFQELLRTLNQPDSQLQLTTGNGLFLSEGLKLVDKFLEDVKKLYHSEAFTVNFGDTEEAKKQINDYVEKGTQGKIVDLVKELDRDTVFALVNYIFFKGKWERPFEVKDTEEEDFHVDQVTTVKVPMMKRLGMFNIQHSKKLSSWVLLMKYLGNATAIFFLPDEGKLQHLENELTHDIITKFLENEDRRSASLHLPKLCITGTYDLKSVLGQLGITKVFSNGADLSGVTEEAPLKLSKAVHKAVLCIDEKGTEAAGAMFLEAIPRSIPPEVKFNKPFVFLMIEQNTKSPLFMGKVVNPTQK,hydrolase inhibitor,3.9,2011-07-22,2011-08-17,x-ray diffraction,NKITPNLAEFAFSLYRQLAHQSNSTNIFFSPVSIATAFAMLSLGTKADTHDEILEGLNFNLTEIPEAQIHEGFQELLRTLNQPDSQLQLTTGNGLFLSEGLKLVDKFLEDVKKLYHSEAFTVNFGDTEEAKKQINDYVEKGTQGKIVDLVKELDRDTVFALVNYIFFKGKWERPFEVKDTEEEDFHVDQVTTVKVPMMKRLGMFNIQHSKKLSSWVLLMKYLGNATAIFFLPDEGKLQHLENELTHDIITKFLENEDRRSASLHLPKLCITGTYDLKSVLGQLGITKVFSNGADLSGVTEEAPLKLSKAVHKAVLCIDEKGTEAAGAMFLEAIPRSIPPEVKFNKPFVFLMIEQNTKSPLFMGKVVNPTQK,371,1kct.A.pdb
4ow6.B.pdb,488,GADDVVDSSKSFVMENFSSYHGTKPGYVDSIQKGIQKPKSGTQGNYDDDWKGFYSTDNKYDAAGYSVDNENPLSGKAGGVVKVTYPGLTKVLALKVDNAETIKKELGLSLTEPLMEQVGTEEFIKRFGDGASRVVLSLPFAEGSSSVEYINNWEQAKALSVELEINFETRGKRGQDAMYEYMAQACASCINLDWDVIRDKTKTKIESLEHPELSELKTVTGTNPVFAGANYAAWAVNVAQVIDSETADNLEKTTAALSILPGIGSVMGIADGAVHHNTEEIVAQSIALSSLMVAQAIPLVGELVDIGFAAYNFVESIINLFQVVHNSYNRPAYSPGHKTQPFLHDGYAVSWNTVEDSIIRTGFQGESGHDIKITAENTPLPIAGVLLPTIPGKLDVNKSKTHISVNGRKIRMRCRAIDGDVTFCRPKSPVYVGNGVHANLHVAFHRSSSEKIHSNEISSDSIGVLGYQKTVDHTKVNSKLSLFFEIKS,"toxin, transferase",2.8,2014-01-28,2014-04-02,x-ray diffraction,GADDVVDSSKSFVMENFSSYHGTKPGYVDSIQKGIQKPKSGTQGNYDDDWKGFYSTDNKYDAAGYSVDNENPLSGKAGGVVKVTYPGLTKVLALKVDNAETIKKELGLSLTEPLMEQVGTEEFIKRFGDGASRVVLSLPFAEGSSSVEYINNWEQAKALSVELEINFETRGKRGQDAMYEYMAQACAGNRVRRSVGSSLSCINLDWDVIRDKTKTKIESLKEHGPIKNKMSESPNKTVSEEKAKQYLEEFHQTALEHPELSELKTVTGTNPVFAGANYAAWAVNVAQVIDSETADNLEKTTAALSILPGIGSVMGIADGAVHHNTEEIVAQSIALSSLMVAQAIPLVGELVDIGFAAYNFVESIINLFQVVHNSYNRPAYSPGHKTQPFLHDGYAVSWNTVEDSIIRTGFQGESGHDIKITAENTPLPIAGVLLPTIPGKLDVNKSKTHISVNGRKIRMRCRAIDGDVTFCRPKSPVYVGNGVHANLHVAFHRSSSEKIHSNEISSDSIGVLGYQKTVDHTKVNSKLSLFFEIKS,535,4ae0.A.pdb
4b3o.B.pdb,410,TVPVKLKPGMDGPKVKQWPLTEEKIKALVEICTEMEKEGKISKIGPENPYNTPVFAIKKKDGTKWRKLVDFRELNKKTQDFWEVQLGIPHPAGLKKKKSVTVLDVGDAYFSVPLDEDFRKYTAFTIPSINNETPGIRYQYNVLPQGWKGSPAIFQSSMTKILEPFRKQNPDIVIYQYMDDLYVGSDLEIGQHRTKIEELRQHLLRWGLTGYELHPDKWTVQPIVLPEKDSWTVNDIQKLVGKLNWASQIYPGIKVRQLCKLLRGTKALTEVIPLTEEAELELAENREILKEPVHGVYYDPSKDLIAEIQKQGQGQWTYQIYQEPFKNLKTGKYARMRGAHTNDVKQLTEAVQKITTESIVIWGKTPKFKLPIQKETWETWWTEYWQATWVPEWEFVNTPPLVKLWYQLEK,hydrolase/dna/rna,3.3,2012-07-25,2013-01-16,x-ray diffraction,GPISPIETVPVKLKPGMDGPKVKQWPLTEEKIKALVEICTEMEKEGKISKIGPENPYNTPVFAIKKKDGTKWRKLVDFRELNKKTQDFWEVQLGIPHPAGLKKKKSVTVLDVGDAYFSVPLDEDFRKYTAFTIPSINNETPGIRYQYNVLPQGWKGSPAIFQSSMTKILEPFRKQNPDIVIYQYMDDLYVGSDLEIGQHRTKIEELRQHLLRWGLTTPDKKHQKEPPFLWMGYELHPDKWTVQPIVLPEKDSWTVNDIQKLVGKLNWASQIYPGIKVRQLCKLLRGTKALTEVIPLTEEAELELAENREILKEPVHGVYYDPSKDLIAEIQKQGQGQWTYQIYQEPFKNLKTGKYARMRGAHTNDVKQLTEAVQKITTESIVIWGKTPKFKLPIQKETWETWWTEYWQATWVPEWEFVNTPPLVKLWYQLEKEPIVGAETF,441,3mee.A.pdb
4dxt.A.pdb,198,GPGVTEEQVHHIVKQALQRYSEDRIGLADYALESGGASVISTRCSETYETKTALLSLFGIPLWYHSQSPRVILQPDVHPGNCWAFQGPQGFAVVRLSARIRPTAVTLEHVPKALSPNSTISSAPKDFAIFGFDEDLQQEGTLLGKFTYDQDGEPIQTFHFQAPTMATYQVVELRILTNWGHPEYTCIYRFRVHGEPAH,structural protein,2.22,2012-02-28,2012-06-06,x-ray diffraction,GPGVTEEQVHHIVKQALQRYSEDRIGLADYALESGGASVISTRCSETYETKTALLSLFGIPLWYHSQSPRVILQPDVHPGNCWAFQGPQGFAVVRLSARIRPTAVTLEHVPKALSPNSTISSAPKDFAIFGFDEDLQQEGTLLGKFTYDQDGEPIQTFHFQAPTMATYQVVELRILTNWGHPEYTCIYRFRVHGEPAH,198,4dxr.A.pdb
4g0d.Z.pdb,23,EDDLSEEDLQFAERYLRSYYHPT,hydrolase,2.54,2012-07-09,2013-08-21,x-ray diffraction,GGDEDDLSEEDLQFAERYLRSYYHPT,26,4fu4.C.pdb
2lep.A.pdb,63,MLMITSFANPRVAQAFVDYMATQGVILTIQQHNQSDVWLADESQAERVRAELARFLENPADLD,hydrolase,,2011-06-20,2012-06-20,solution nmr,MLMITSFANPRVAQAFVDYMATQGVILTIQQHNQSDVWLADESQAERVRAELARFLENPADLDHHHHHH,69,4hdd.A.pdb
4rmb.B.pdb,155,RQTETYITQINPEGKEMYFASGLGNLYTIIGSDGSPVNLLNAEVKILKTNSKNLTDSMDQNYDSPEFEDVTSQYSYTNDGSKITIDWKTNSISSTTSYVVLVKIPKQSGVLYSTVSDINQTYGSKYSYGHTNISGDSDANAEIKLLSLEHHHHHH,cell adhesion,1.7,2014-10-21,2015-02-11,x-ray diffraction,RIMKLDDERQTETYITQINPEGKEMYFASGLGNLYTIIGSDGTSGSPVNLLNAEVKILKTNSKNLTDSMDQNYDSPEFEDVTSQYSYTNDGSKITIDWKTNSISSTTSYVVLVKIPKQSGVLYSTVSDINQTYGSKYSYGHTNISGDSDANAEIKLLSLEHHHHHH,166,4rmb.A.pdb
4ydq.B.pdb,478,MAITSKKIENFSDWYTQVIVKSELIEYYDISGCYILRPAAYYIWECVQAFFNKEIKKLNVENSYFPLFVTKNKLEFSPEVAWVTKYGDSNLPEEIAIRPTSETIMYSVFPKWIRSYRDLPLKLNQWNTVVRWEFKQPTPFIRTREFLWQEGHTAHKNEEEAVKLVFDILDLYRRWYEEYLAVPIIKGIKSEGEKFGGANFTSTAEAFISENGRAIQAATSHYLGTNFAKMFKIEFEDENEVKQYVHQTSWGCTTRSIGIMIMTHGDDKGLVLPPNVSKYKVVIVPIFYKTTDENAIHSYCKDIEKILKNAQINCVYDDRASYSPGYKFNHWELRGIPIRIEVGPKDLQNNSCVIVRRDNNEKCNVKKESVLLETQQMLVDIHKNLFLKAKKKLDDSIVQVTSFSEVMNALNKKKMVLAPWCEDIATEEEIKKETQRLTLSGAMKPLCIPLDQPPMPPNMKCFWSGKPAKRWCLFGRSY,ligase,2.3,2015-02-23,2015-05-20,x-ray diffraction,GAMAITSKKIENFSDWYTQVIVKSELIEYYDISGCYILRPAAYYIWECVQAFFNKEIKKLNVENSYFPLFVTKNKLEKEKNHIEGFSPEVAWVTKYGDSNLPEEIAIRPTSETIMYSVFPKWIRSYRDLPLKLNQWNTVVRWEFKQPTPFIRTREFLWQEGHTAHKNEEEAVKLVFDILDLYRRWYEEYLAVPIIKGIKSEGEKFGGANFTSTAEAFISENGRAIQAATSHYLGTNFAKMFKIEFEDENEVKQYVHQTSWGCTTRSIGIMIMTHGDDKGLVLPPNVSKYKVVIVPIFYKTTDENAIHSYCKDIEKILKNAQINCVYDDRASYSPGYKFNHWELRGIPIRIEVGPKDLQNNSCVIVRRDNNEKCNVKKESVLLETQQMLVDIHKNLFLKAKKKLDDSIVQVTSFSEVMNALNKKKMVLAPWCEDIATEEEIKKETQRLSLNQTNSETTLSGAMKPLCIPLDQPPMPPNMKCFWSGKPAKRWCLFGRSY,497,4twa.A.pdb
5bmy.A.pdb,387,MEKLPPGWEKRMSRSSGRGSGMKIEEGKLVIWINGDKGYNGLAEVGKKFEKDTGIKVTVEHPDKLEEKFPQVAATGDGPDIIFWAHDRFGGYAQSGLLAEITPDKAFQDKLYPFTWDAVRYNGKLIAYPIAVEALSLIYNKDLLPNPPKTWEEIPALDKELKAKGKSALMFNLQEPYFTWPLIAADGGYAFKYENGKYDIKDVGVDNAGAKAGLTFLVDLIKNKHMNADTDYSIAEAAFNKGETAMTINGPWAWSNIDTSKVNYGVTVLPTFKGQPSKPFVGVLSAGINAASPNKELAKEFLENYLLTDEGLEAVNKDKPLGAVALKSYEEELAKDPRIAATMENAQKGEIMPNIPQMSAFWYAVRTAVINAASGRQTVDEALKDAQ,sugar binding protein,2.0,2015-05-25,2016-10-26,x-ray diffraction,MEKLPPGWEKRMSRSSGRGSGMKIEEGKLVIWINGDKGYNGLAEVGKKFEKDTGIKVTVEHPDKLEEKFPQVAATGDGPDIIFWAHDRFGGYAQSGLLAEITPDKAFQDKLYPFTWDAVRYNGKLIAYPIAVEALSLIYNKDLLPNPPKTWEEIPALDKELKAKGKSALMFNLQEPYFTWPLIAADGGYAFKYENGKYDIKDVGVDNAGAKAGLTFLVDLIKNKHMNADTDYSIAEAAFNKGETAMTINGPWAWSNIDTSKVNYGVTVLPTFKGQPSKPFVGVLSAGINAASPNKELAKEFLENYLLTDEGLEAVNKDKPLGAVALKSYEEELAKDPRIAATMENAQKGEIMPNIPQMSAFWYAVRTAVINAASGRQTVDEALKDAQTN,389,5b3z.A.pdb
5ec5.P.pdb,289,YEQIEVDVVAVWKEGYVYENRGSTSVDQKITITKGMKNVNSETRTVTATHSIGSTISTGDAFEIGSVEVSYSHSHQKSQVSMTQTEVYSSKVIEHTITIPPTSKFTRWQLNADVGGAGIEYMYLIDEVTPIGGTQSIPQVITSRAKIIVGRQIILGKTEIRIKHAERKEYMTVVSRKSWPAATLGHSKLFKFVLYEDWGGFRIKTLNTMYSGYEYAYSSDQGGIYFDQGTDNPKQRWAINKSLPLRHGDVVTFMNKYFTRSGLCYDDGPATNVYCLDKREDKWILEVVG,toxin,3.1,2015-10-20,2016-05-18,x-ray diffraction,GMSAKAAEGYEQIEVDVVAVWKEGYVYENRGSTSVDQKITITKGMKNVNSETRTVTATHSIGSTISTGDAFEIGSVEVSYSHSHQKSQVSMTQTEVYSSKVIEHTITIPPTSKFTRWQLNADVGGAGIEYMYLIDEVTPIGGTQSIPQVITSRAKIIVGRQIILGKTEIRIKHAERKEYMTVVSRKSWPAATLGHSKLFKFVLYEDWGGFRIKTLNTMYSGYEYAYSSDQGGIYFDQGTDNPKQRWAINKSLPLRHGDVVTFMNKYFTRSGLCYDDGPATNVYCLDKREDKWILEVVG,298,3zxg.B.pdb
5f5r.B.pdb,222,PLHSIISSTESVQGSTSKHEFQAETKKLLDIVARSLYSEKEVFIRELISNASDALEKLRHKLVSALPEMEIHLQTNAEKGTITIQDTGIGMTQEELVSNLGTIARSGSKAFLDALQNQAEASSKIIGQFGVGFYSAFMVADRVEVYSRSAAPGSLGYQWLSDGSGVFEIAEASGVRTGTKIIIHLKSDCKEFSSEARVRDVVTKYSNFVSFPLYLNGRRMNT,chaperone,1.85,2015-12-04,2016-03-02,x-ray diffraction,AGHSTQTAEDKEEPLHSIISSTESVQGSTSKHEFQAETKKLLDIVARSLYSEKEVFIRELISNASDALEKLRHKLVSDGQALPEMEIHLQTNAEKGTITIQDTGIGMTQEELVSNLGTIARSGSKAFLDALQNQAEASSKIIGQFGVGFYSAFMVADRVEVYSRSAAPGSLGYQWLSDGSGVFEIAEASGVRTGTKIIIHLKSDCKEFSSEARVRDVVTKYSNFVSFPLYLNGRRMNT,238,5f3k.A.pdb
5fhc.J.pdb,98,EAIVNAQPKCNPNLHYWTTQDEGAAIGLAWIPYFGPAAEGIYIEGLMHNQDGLICGLRQLANETTQALQLFLRATTELRTFSILNRKAIDFLLQRWGG,viral protein/immune system,6.7,2015-12-21,2016-03-16,x-ray diffraction,EAIVNAQPKCNPNLHYWTTQDEGAAIGLAWIPYFGPAAEGIYIEGLMHNQDGLICGLRQLANETTQALQLFLRATTELRTFSILNRKAIDFLLQRWGG,98,1ebo.E.pdb
7ahl.E.pdb,293,ADSDINIKTGTTDIGSNTTVKTGDLVTYDKENGMHKKVFYSFIDDKNHNKKLLVIRTKGTIAGQYRVYSEEGANKSGLAWPSAFKVQLQLPDNEVAQISDYYPRNSIDTKEYMSTLTYGFNGNVTGDDTGKIGGLIGANVSIGHTLKYVQPDFKTILESPTDKKVGWKVIFNNMVNQNWGPYDRDSWNPVYGNQLFMKTRNGSMKAADNFLDPNKASSLLSSGFSPDFATVITMDRKASKQQTNIDVIYERVRDDYQLHWTSTNWKGTNTKDKWTDRSSERYKIDWEKEEMTN,cytolytic protein,1.89,1996-12-02,1998-01-14,x-ray diffraction,ADSDINIKTGTTDIGSNTTVKTGDLVTYDKENGMHKKVFYSFIDDKNHNKKLLVIRTKGTIAGQYRVYSEEGANKSGLAWPSAFKVQLQLPDNEVAQISDYYPRNSIDTKEYMSTLTYGFNGNVTGDDTGKIGGLIGANVSIGHTLKYVQPDFKTILESPTDKKVGWKVIFNNMVNQNWGPYDRDSWNPVYGNQLFMKTRNGSMKAADNFLDPNKASSLLSSGFSPDFATVITMDRKASKQQTNIDVIYERVRDDYQLHWTSTNWKGTNTKDKWTDRSSERYKIDWEKEEMTN,293,4yhd.G.pdb
6z4u.A.pdb,84,MDPKISEMHPALRLVDPQIQLAVTRPKVYPIILRLGSPLSLNMARKTLNSLEDKAFQLTPIAVQMTKLATTEELPDEFVVVTVK,viral protein,1.95,2020-05-25,2020-06-17,x-ray diffraction,MDPKISEMHPALRLVDPQIQLAVTRMENAVGRDQNNVGPKVYPIILRLGSPLSLNMARKTLNSLEDKAFQLTPIAVQMTKLATTEELPDEFVVVTVK,97,7kdt.B.pdb
